{"w": [[-0.06836014280900564], [-0.09501308874520746], [-0.3817170092475269], [-0.030388040317248573], [0.01510667930583097], [3.069789370306865]], "b": 0.0}